{
  "project_info": {
    "project_number": "397067691441",
    "firebase_url": "https://carwoaw.firebaseio.com",
    "project_id": "carwoaw",
    "storage_bucket": "carwoaw.appspot.com"
  },
  "client": [
    {
      "client_info": {
        "mobilesdk_app_id": "1:397067691441:android:37f002011288f32af5c990",
        "android_client_info": {
          "package_name": "com.example.carwoaw"
        }
      },
      "oauth_client": [
        {
          "client_id": "397067691441-o85q5807uffb39c4iig26gp71ogscduh.apps.googleusercontent.com",
          "client_type": 3
        }
      ],
      "api_key": [
        {
          "current_key": "AIzaSyAGenudAgk37tUd2zu1Dr9s0mvBTg4TE-0"
        }
      ],
      "services": {
        "appinvite_service": {
          "other_platform_oauth_client": [
            {
              "client_id": "397067691441-o85q5807uffb39c4iig26gp71ogscduh.apps.googleusercontent.com",
              "client_type": 3
            }
          ]
        }
      }
    }
  ],
  "configuration_version": "1"
}